[
    {
        "data": "2026-02-12T03:00:00.000Z",
        "dia": "12",
        "mes": "FEV",
        "ano": "2026",
        "diaSemana": "Quinta"
    },
    {
        "data": "2026-02-13T03:00:00.000Z",
        "dia": "13",
        "mes": "FEV",
        "ano": "2026",
        "diaSemana": "Sexta"
    },
    {
        "data": "2026-02-14T03:00:00.000Z",
        "dia": "14",
        "mes": "FEV",
        "ano": "2026",
        "diaSemana": "Sábado"
    },
    {
        "data": "2026-02-16T03:00:00.000Z",
        "dia": "16",
        "mes": "FEV",
        "ano": "2026",
        "diaSemana": "Segunda"
    },
    {
        "data": "2026-02-17T03:00:00.000Z",
        "dia": "17",
        "mes": "FEV",
        "ano": "2026",
        "diaSemana": "Terça"
    },
    {
        "data": "2026-02-18T03:00:00.000Z",
        "dia": "18",
        "mes": "FEV",
        "ano": "2026",
        "diaSemana": "Quarta"
    }
]